Full Name, Phone, Email, Age, Experience, Yearly Income, Has children, License states, Expiration date, License number
Petr Cho, +18900991919, Cho.ho, 12, 45, 1200.11,     , Alabama, 12-12-2030, 1xr567
qw Cho, +1, wergrtg, 12, 45, 1200.11, TRE, Alabama, 12-12-2030, 1xr567
as Cho, +18, fgbvdg, 12, 45, 1200.11, TRUE, Alabama, 12-12-2030, 1xr567
zx Cho, +189, cho.cHo, 12, 45, 1200.11, TRUE, Alabama, 12-12-2030, 1xr567
sdf Cho, +1890, dfbgvdgfb, 12, 45, 1200.11, TRUE, Alabama, 12-12-2030, 1xr567
fg Cho, +18900, dfbgvgf, 12, 45, 1200.11, TRUE, Alabama, 12-12-2030, 1xr567
dfv Cho, +189009, dfbgvdg, 12, 45, 1200.11, TRUE, Alabama, 12-12-2030, 1xr567
dfv Cho, +18989898989, dfbgvdg , 12.3, 45, 15550.5511, TRUE, Alabama, 12-12-2030, 1xr567
fvb Cho, +18900991919, sdcdf, 12, 45, 1200.11, TRUE, Alabama|American Samoa|New Hampshire|sdfwef, 12-12-2030, 888
xcv Cho, +189009919, cdsfcvho, 12, 45, 1200.11, TRUE, Aa, 2025-12-22, 1xr567
jkl Cho, +1890099191, dsfvfv, 22, 45, 1200.11, TRUE, Alabama, 12-12-2030, 1xr567
jklo Cho, +a45, zxcxvo, 12, 45, 1200.11, TRUE, Alabama|Federated States Of Micronesia, 12-12-2030, 1xr567
lol Cho, +678678, zxcvfxggvb, 52, 45, 1200.11, TRUE, Alabama|NY, 12/12/2030, 1xr567
uik Cho, +77809, werwe, 12, 45, 1200.11, TRUE, Alabama|Marshall Islands, 12-12-2020, 1xr567
ghk Cho, +678546, csfgrtbo, 55.3, 45, 1200.11, TRUE, Alabama|Arizona, 12-12-2030, 1xr567
xcfb Cho, +325346, sfgvrtty, 12, 45, -1200.11, TRUE, Alabama|New Hampshire, 12-12-2030, 1xr567
sdg Cho, +546875678, btyh5ty, 12, 45, 1200.11, TRUE, Alabama, 12-12-2030, 1xr567
fdbht Cho, +3454324, polopo, -52, 45, 1200.11, TRUE, Alabama, 12-12-2030, 1xr567
fgnhjyn Cho, +324563456, oippoo, 12, 45, 1200.11, TRUE, Alabama, 12-12-2030, 1xr567
fghnjy Cho, 3434343434, tyhbty, 12, 45, 1200.11, TRUE, Alabama, 12-12-2030, /xr567
fgnhj Cho, +76987889, tdgbvdst, 12, 45, 1200.11, TRUE, Alabama, 12-12-2030, 1xr
Alex Cho, +8790789, trgbvdrto, 12, 45, 1200.11, TRUE, Alabama, 12-12-2030, 567
Alex Cho, +5467546756756, cho.cho, 12, 45, 1200.11, TRUE, Alabama, 12-12-2030, xr56
Fix Cho, 14443534534, dgshbd, 12, 45, 1200.11, TRUE, Alabama, 2022-12-12, -xr567